uncertain_id,title,authors,year,venue,doi,url,source,screen_reason,second_pass_recommendation,confidence,fulltext_found,fulltext_access,fulltext_source,landing_page_url,pdf_url,download_status,local_pdf_path,notes
UT-0001,QDBFT: A Dynamic Consensus Algorithm for Quantum-Secured Blockchain,Fei Xu; Cheng Ye; Jie OuYang; Ziqiang Wu; Haoze Chen; An Hua; Meifeng Gao; Qiandong Zhang; Minghan Li; Feilong Li; Yajun Miao; Wei Qi,2026,arXiv,10.48550/arXiv.2602.11606v1,http://arxiv.org/abs/2602.11606v1,arxiv,generic_blockchain_institutional,needs_manual,medium,yes,open,arxiv,http://arxiv.org/abs/2602.11606v1,https://arxiv.org/pdf/2602.11606v1.pdf,downloaded,data/fulltext/ambiguous/UT-0001-qdbft-a-dynamic-consensus-algorithm-for-quantum-secured-blockchain.pdf,
UT-0002,Integration Adapter Architecture for Food Traceability Blockchain,André Romão; Francisco Faria; João R. Matos; Emanuel Nunes; Samih Eisa; Miguel L. Pardal,2026,arXiv,10.48550/arXiv.2603.26306v1,http://arxiv.org/abs/2603.26306v1,arxiv,generic_blockchain_institutional,needs_manual,medium,yes,open,arxiv,http://arxiv.org/abs/2603.26306v1,https://arxiv.org/pdf/2603.26306v1.pdf,downloaded,data/fulltext/ambiguous/UT-0002-integration-adapter-architecture-for-food-traceability-blockchain.pdf,
UT-0003,Universally Composable Termination Analysis of Tendermint,Zhixin Dong; Xian Xu; Yuhang Zeng; Mingchao Wan; Chunmiao Li,2025,arXiv,10.48550/arXiv.2510.01097v2,http://arxiv.org/abs/2510.01097v2,arxiv,generic_blockchain_institutional,needs_manual,medium,yes,open,arxiv,http://arxiv.org/abs/2510.01097v2,https://arxiv.org/pdf/2510.01097v2.pdf,downloaded,data/fulltext/ambiguous/UT-0003-universally-composable-termination-analysis-of-tendermint.pdf,
UT-0006,EduChain: A Blockchain-based Education Data Management System,Yihan Liu; Ke Li; Zihao Huang; Bowen Li; Guiyan Wang; Wei Cai,2023,arXiv,10.48550/arXiv.2306.00553v1,http://arxiv.org/abs/2306.00553v1,arxiv,generic_blockchain_institutional,needs_manual,medium,yes,open,arxiv,http://arxiv.org/abs/2306.00553v1,https://arxiv.org/pdf/2306.00553v1.pdf,downloaded,data/fulltext/ambiguous/UT-0006-educhain-a-blockchain-based-education-data-management-system.pdf,
UT-0007,"DocCert: Nostrification, Document Verification and Authenticity Blockchain Solution",Monther Aldwairi; Mohamad Badra; Rouba Borghol,2023,arXiv,10.48550/arXiv.2310.09136v1,http://arxiv.org/abs/2310.09136v1,arxiv,tech_with_weak_signal,needs_manual,medium,yes,open,arxiv,http://arxiv.org/abs/2310.09136v1,https://arxiv.org/pdf/2310.09136v1.pdf,downloaded,data/fulltext/ambiguous/UT-0007-doccert-nostrification-document-verification-and-authenticity-blockchain-solutio.pdf,
UT-0008,An Enhanced Data Security Framework (FinTechSec++) for FinTechs and CBDCs,R. Kumar; S. K. Garg,2025,2025 Third International Conference on Industry 4.0 Technology (I4Tech),10.1109/I4Tech64670.2025.11277486,https://ieeexplore.ieee.org/stamp/stamp.jsp?arnumber=11277486,ieee,generic_blockchain_institutional,needs_manual,medium,yes,unknown,openalex,https://doi.org/10.1109/i4tech64670.2025.11277486,,not_attempted,,
UT-0013,The Next Frontier: Blockchain Technology in Cross-Border Payments,M. Bhavana; N. Swapna; A. Y. Reddy; S. Vadlamudi; G. K. Koduru; T. Gandhi,2025,2025 6th International Conference on Electronics and Sustainable Communication Systems (ICESC),10.1109/ICESC65114.2025.11212286,https://ieeexplore.ieee.org/stamp/stamp.jsp?arnumber=11212286,ieee,generic_blockchain_institutional,needs_manual,medium,yes,unknown,openalex,https://doi.org/10.1109/icesc65114.2025.11212286,,not_attempted,,
UT-0017,Towards a Cross-Chain Genomic Data Interoperability Framework: Secure and Compliant Federated Data Exchange Using Private Blockchains,F. Alakeel; B. Alothman,2025,2025 7th International Conference on Blockchain Computing and Applications (BCCA),10.1109/BCCA66705.2025.11229686,https://ieeexplore.ieee.org/stamp/stamp.jsp?arnumber=11229686,ieee,generic_blockchain_institutional,needs_manual,medium,yes,unknown,openalex,https://doi.org/10.1109/bcca66705.2025.11229686,,not_attempted,,
UT-0025,Trustworthy Data Lakehouse Design Using Federated Learning and Blockchain,P. Chakraborty; M. A. Miah; M. A. Siam; H. Imam; K. B. Siddiqa; H. Rahman; C. R. Barikdar,2025,2025 1st International Conference on Advancement in Futuristic Technologies (ICAFT),10.1109/ICAFT66710.2025.11453041,https://ieeexplore.ieee.org/stamp/stamp.jsp?arnumber=11453041,ieee,generic_blockchain_institutional,needs_manual,medium,yes,unknown,openalex,https://doi.org/10.1109/icaft66710.2025.11453041,,not_attempted,,
UT-0027,RPSC: Regulatable Privacy-Preserving Smart Contracts on Account-Based Blockchain,Z. L. Jiang; M. Xie; H. Chen; Y. Pan; J. Lyu; M. H. Au; J. Fang; Y. Liu; X. Wang,2024,IEEE Transactions on Network Science and Engineering,10.1109/TNSE.2024.3421539,https://ieeexplore.ieee.org/stamp/stamp.jsp?arnumber=10582519,ieee,generic_blockchain_institutional,needs_manual,medium,yes,unknown,openalex,https://doi.org/10.1109/tnse.2024.3421539,,not_attempted,,
UT-0028,"MediCon: A Lightweight, Reputation-Based Consensus Protocol to Allow Scalable and Secure Data Sharing in Healthcare",S. E. Raja; K. D. Kumar; K. Manikandan; S. P; B. P. Shankar; I. Govindharaj,2025,2025 3rd International Conference on Sustainable Computing and Data Communication Systems (ICSCDS),10.1109/ICSCDS65426.2025.11166742,https://ieeexplore.ieee.org/stamp/stamp.jsp?arnumber=11166742,ieee,generic_blockchain_institutional,needs_manual,medium,yes,unknown,openalex,https://doi.org/10.1109/icscds65426.2025.11166742,,not_attempted,,
UT-0029,A Blockchain-Based Self-Sovereign Identity Approach for Inter-Organizational Business Processes,A. Abid; S. Cheikhrouhou; S. Kallel; M. Jmaiel,2022,2022 17th Conference on Computer Science and Intelligence Systems (FedCSIS),10.15439/2022F194,https://ieeexplore.ieee.org/stamp/stamp.jsp?arnumber=9908860,ieee,generic_blockchain_institutional,needs_manual,medium,yes,open,openalex,https://doi.org/10.15439/2022f194,https://annals-csis.org/proceedings/2022/drp/pdf/194.pdf,download_failed:<urlopen error [SSL: CERTIFICATE_VERIFY_FAILED] certificate verify failed: unable to get local issuer certificate (_ssl.c:1081)>,,
UT-0030,Research on Blockchain Privacy Preservation in Healthcare Systems,K. Wang; P. Lu; Z. Xin,2025,"2025 11th International Symposium on System Security, Safety, and Reliability (ISSSR)",10.1109/ISSSR65654.2025.00048,https://ieeexplore.ieee.org/stamp/stamp.jsp?arnumber=11022680,ieee,generic_blockchain_institutional,needs_manual,medium,yes,unknown,openalex,https://doi.org/10.1109/isssr65654.2025.00048,,not_attempted,,
UT-0031,Lightweight Privacy and Security Computing for Blockchained Federated Learning in IoT,M. Fan; K. Ji; Z. Zhang; H. Yu; G. Sun,2023,IEEE Internet of Things Journal,10.1109/JIOT.2023.3267112,https://ieeexplore.ieee.org/stamp/stamp.jsp?arnumber=10102683,ieee,generic_blockchain_institutional,needs_manual,medium,yes,unknown,openalex,https://doi.org/10.1109/jiot.2023.3267112,,not_attempted,,
UT-0036,Blockchain and Federated Learning for Safe Collaborative Machine Learning Systems with Differential Privacy,N.Padmashri; V.V.Karthikeyan; P.Sumathi; S. K. Potnuru; P. B. Aswathy; V.Baby,2025,"2025 5th International Conference on Emerging Research in Electronics, Computer Science and Technology (ICERECT)",10.1109/ICERECT65215.2025.11379725,https://ieeexplore.ieee.org/stamp/stamp.jsp?arnumber=11379725,ieee,generic_blockchain_institutional,needs_manual,medium,yes,unknown,openalex,https://doi.org/10.1109/icerect65215.2025.11379725,,not_attempted,,
UT-0039,"Integrating Deep Learning with Blockchain Technology to Strengthen Decentralized AI Application's Data Privacy, Security, and Transparency",M. K. Gajula; S. Perumalla; D. S. Deepika; M. Dinesh; J. Giri; M. O. Sabri,2025,2025 International Conference on Networks and Cryptology (NETCRYPT),10.1109/NETCRYPT65877.2025.11102722,https://ieeexplore.ieee.org/stamp/stamp.jsp?arnumber=11102722,ieee,generic_blockchain_institutional,needs_manual,medium,yes,unknown,openalex,https://doi.org/10.1109/netcrypt65877.2025.11102722,,not_attempted,,
UT-0043,Explainable Federated Learning for Secure and Transparent Medical Diagnosis in IoT-based Smart Hospitals,P. S N; N. Shelke; D. K. J. B. Saini; A. Pimpalkar; M. Pal; V. Chirchi,2025,2025 5th International Conference on Soft Computing for Security Applications (ICSCSA),10.1109/ICSCSA66339.2025.11171173,https://ieeexplore.ieee.org/stamp/stamp.jsp?arnumber=11171173,ieee,generic_blockchain_institutional,needs_manual,medium,yes,unknown,openalex,https://doi.org/10.1109/icscsa66339.2025.11171173,,not_attempted,,
UT-0044,Power Data Blockchain Sharing Scheme based on Homomorphic Encryption,Y. Lin; G. Liu; J. Wen; K. Hua; F. Jin; Y. Hu; X. Liu; Q. Zhang,2022,"2022 IEEE 5th Advanced Information Management, Communicates, Electronic and Automation Control Conference (IMCEC)",10.1109/IMCEC55388.2022.10020058,https://ieeexplore.ieee.org/stamp/stamp.jsp?arnumber=10020058,ieee,tech_with_weak_signal,needs_manual,medium,yes,unknown,openalex,https://doi.org/10.1109/imcec55388.2022.10020058,,not_attempted,,
UT-0045,A Review on Integrating Cloud Blockchain Technology to Secure Electronic Health Records,S. Adhav; A. Kalambkar; S. Kharwante; S. Sutar; A. Shaikh,2024,2024 4th International Conference on Soft Computing for Security Applications (ICSCSA),10.1109/ICSCSA64454.2024.00090,https://ieeexplore.ieee.org/stamp/stamp.jsp?arnumber=10918098,ieee,generic_blockchain_institutional,needs_manual,medium,yes,unknown,openalex,https://doi.org/10.1109/icscsa64454.2024.00090,,not_attempted,,
UT-0047,FutureDID: A Fully Decentralized Identity System With Multi-Party Verification,H. Deng; J. Liang; C. Zhang; X. Liu; L. Zhu; S. Guo,2024,IEEE Transactions on Computers,10.1109/TC.2024.3398509,https://ieeexplore.ieee.org/stamp/stamp.jsp?arnumber=10527419,ieee,generic_blockchain_institutional,needs_manual,medium,yes,unknown,openalex,https://doi.org/10.1109/tc.2024.3398509,,not_attempted,,
UT-0048,Decoding the Blocks,V. Vadivelu; R. Rajasekar; M. P. Chinnasamy,2025,Blockchain Technology for the Engineering and Service Sectors,10.1002/9781394238033.ch1,https://ieeexplore.ieee.org/xpl/ebooks/bookPdfWithBanner.jsp?fileName=11236065.pdf&bkn=11236003&pdfType=chapter,ieee,generic_blockchain_institutional,needs_manual,medium,yes,unknown,openalex,https://doi.org/10.1002/9781394238033.ch1,,not_attempted,,
UT-0049,Eisdspa: An Efficient and Secure Blockchain-Based Donation Scheme With Privacy Protection and Auditability,Y. Zhou; H. Lei; Z. Bao,2024,IEEE Open Journal of the Communications Society,10.1109/OJCOMS.2024.3504403,https://ieeexplore.ieee.org/stamp/stamp.jsp?arnumber=10759694,ieee,generic_blockchain_institutional,needs_manual,medium,yes,open,openalex,https://doi.org/10.1109/ojcoms.2024.3504403,,not_attempted,,
UT-0050,Blockchain and Machine Learning in EHR Security: A Systematic Review,U. Zukaib; X. Cui; M. Hassan; S. Harris; H. J. Hadi; C. Zheng,2023,IEEE Access,10.1109/ACCESS.2023.3333229,https://ieeexplore.ieee.org/stamp/stamp.jsp?arnumber=10318133,ieee,generic_blockchain_institutional,needs_manual,medium,yes,open,openalex,https://doi.org/10.1109/access.2023.3333229,https://ieeexplore.ieee.org/ielx7/6287639/6514899/10318133.pdf,download_failed:HTTP Error 502: Bad Gateway,,
UT-0052,Blockchain-Enabled Trustworthy Healthcare Data Sharing Mechanism for Reliable 6G-IoT Networks,Q. Zhang; X. Xue; J. Yang,2026,IEEE Internet of Things Journal,10.1109/JIOT.2025.3564782,https://ieeexplore.ieee.org/stamp/stamp.jsp?arnumber=10978035,ieee,generic_blockchain_institutional,needs_manual,medium,yes,unknown,openalex,https://doi.org/10.1109/jiot.2025.3564782,,not_attempted,,
UT-0057,EE blockchain: End-to-end service regulation and efficient retrieval and categorization on the underlying level,R. Xiong; G. Cheng; D. Hu; Y. Xu; X. Liang; X. Zhao,2024,2024 IEEE International Conference on Web Services (ICWS),10.1109/ICWS62655.2024.00043,https://ieeexplore.ieee.org/stamp/stamp.jsp?arnumber=10707543,ieee,generic_blockchain_institutional,needs_manual,medium,yes,unknown,openalex,https://doi.org/10.1109/icws62655.2024.00043,,not_attempted,,
UT-0058,Auditable Medical Data Sharing through Recoverable Key Agreement,J. van Assen; R. Kromes; Z. Erkin,2024,2024 6th Conference on Blockchain Research & Applications for Innovative Networks and Services (BRAINS),10.1109/BRAINS63024.2024.10732363,https://ieeexplore.ieee.org/stamp/stamp.jsp?arnumber=10732363,ieee,tech_with_weak_signal,needs_manual,medium,yes,unknown,openalex,http://dx.doi.org/10.1109/brains63024.2024.10732363,,not_attempted,,
UT-0062,Dependable Decentralized Reputation Management System for Vehicular Ad Hoc Networks,K. Mrabet; F. El Bouanani; H. Ben-Azza,2021,2021 4th International Conference on Advanced Communication Technologies and Networking (CommNet),10.1109/CommNet52204.2021.9641962,https://ieeexplore.ieee.org/stamp/stamp.jsp?arnumber=9641962,ieee,generic_blockchain_institutional,needs_manual,medium,yes,unknown,openalex,https://doi.org/10.1109/commnet52204.2021.9641962,,not_attempted,,
UT-0063,Decentralized Identifiers Access Control Security Policy for Blockchain DApps and On-Chain Validation,C. N. Buţincu; A. Alexandrescu; D. -E. Bărbuţă,2025,2025 7th International Conference on Blockchain Computing and Applications (BCCA),10.1109/BCCA66705.2025.11227182,https://ieeexplore.ieee.org/stamp/stamp.jsp?arnumber=11227182,ieee,generic_blockchain_institutional,needs_manual,medium,yes,unknown,openalex,https://doi.org/10.1109/bcca66705.2025.11227182,,not_attempted,,
UT-0064,Protecting Online Personas and Financial Transactions on Distributed Ledgers with the Use of Advanced Cryptographic Methods: Blockchain Technology for Cybersecurity,R. David; S. Srinivasan,2025,2025 5th International Conference on Intelligent Technologies (CONIT),10.1109/CONIT65521.2025.11167610,https://ieeexplore.ieee.org/stamp/stamp.jsp?arnumber=11167610,ieee,generic_blockchain_institutional,needs_manual,medium,yes,unknown,openalex,https://doi.org/10.1109/conit65521.2025.11167610,,not_attempted,,
UT-0066,Secure User Authentication with Secret Sharing and Smart Contract for Permissioned Blockchain,M. Okada; A. A. A. Mohd Kamal; M. Fujisawa,2024,2024 IEEE 13th Global Conference on Consumer Electronics (GCCE),10.1109/GCCE62371.2024.10760718,https://ieeexplore.ieee.org/stamp/stamp.jsp?arnumber=10760718,ieee,tech_with_weak_signal,needs_manual,medium,yes,unknown,openalex,https://doi.org/10.1109/gcce62371.2024.10760718,,not_attempted,,
UT-0067,PQ-FIM-PCES: Enhancing Privacy Compliance in Global Cloud Systems using Post-Quantum Cryptography and Federated Identity Management,K. Srujana; S. K. Joginpelly; R. A C; K. G M; S. S. K,2025,"2025 2nd International Conference on Software, Systems and Information Technology (SSITCON)",10.1109/SSITCON66133.2025.11342266,https://ieeexplore.ieee.org/stamp/stamp.jsp?arnumber=11342266,ieee,generic_blockchain_institutional,needs_manual,medium,yes,unknown,openalex,https://doi.org/10.1109/ssitcon66133.2025.11342266,,not_attempted,,
UT-0071,Telco Tokenization and Stablecoin Development an Industry Opportunity,S. Bhat; M. J. Morrow,2022,2022 IEEE 1st Global Emerging Technology Blockchain Forum: Blockchain & Beyond (iGETblockchain),10.1109/iGETblockchain56591.2022.10087064,https://ieeexplore.ieee.org/stamp/stamp.jsp?arnumber=10087064,ieee,generic_blockchain_institutional,needs_manual,medium,yes,unknown,openalex,http://dx.doi.org/10.1109/igetblockchain56591.2022.10087064,,not_attempted,,
UT-0074,Multi-Blockchain Backup & Restore System with Zero-Knowledge Proofs (ZKPs),I. Samiha; S. Chowdhury,2025,"2025 2nd International Conference on Next-Generation Computing, IoT and Machine Learning (NCIM)",10.1109/NCIM65934.2025.11160331,https://ieeexplore.ieee.org/stamp/stamp.jsp?arnumber=11160331,ieee,generic_blockchain_institutional,needs_manual,medium,yes,unknown,openalex,https://doi.org/10.1109/ncim65934.2025.11160331,,not_attempted,,
UT-0077,Blockchain Overcomes Corruption: Towards Smart Institutions and Governance,H. Mazloum; G. Abdelkader; N. Mazloum,2022,2022 International Conference on Smart Systems and Power Management (IC2SPM),10.1109/IC2SPM56638.2022.9988865,https://ieeexplore.ieee.org/stamp/stamp.jsp?arnumber=9988865,ieee,generic_blockchain_institutional,needs_manual,medium,yes,unknown,openalex,https://doi.org/10.1109/ic2spm56638.2022.9988865,,not_attempted,,
UT-0078,FRAMH: A Federated Learning Risk-Based Authorization Middleware for Healthcare,C. Mazzocca; N. Romandini; M. Colajanni; R. Montanari,2023,IEEE Transactions on Computational Social Systems,10.1109/TCSS.2022.3210372,https://ieeexplore.ieee.org/stamp/stamp.jsp?arnumber=9915483,ieee,generic_blockchain_institutional,needs_manual,medium,yes,open,openalex,https://hdl.handle.net/11585/899376,https://cris.unibo.it/bitstream/11585/899376/3/FRAMH.pdf,download_failed:<urlopen error [SSL: CERTIFICATE_VERIFY_FAILED] certificate verify failed: unable to get local issuer certificate (_ssl.c:1081)>,,
UT-0079,Decentralized Electronic Health Records using Ethereum and IPFS: A Blockchain-Based Secure Access Framework,H. Harshavardhan; S. V. Vijay; S. P. Shetty; S. S. Salian; S. Krishma,2025,2025 IEEE International Conference on Blockchain and Distributed Systems Security (ICBDS),10.1109/ICBDS67396.2025.11377969,https://ieeexplore.ieee.org/stamp/stamp.jsp?arnumber=11377969,ieee,generic_blockchain_institutional,needs_manual,medium,yes,unknown,openalex,https://doi.org/10.1109/icbds67396.2025.11377969,,not_attempted,,
UT-0080,Enabling Privacy-Preserving Collaborative Learning: Secure Cryptographic Neural Networks Meet Blockchain for GDPR-Compliant Data Sharing,R. Krishnamoorthy; K. P. Kaliyamurthie,2024,2024 5th International Conference for Emerging Technology (INCET),10.1109/INCET61516.2024.10593365,https://ieeexplore.ieee.org/stamp/stamp.jsp?arnumber=10593365,ieee,generic_blockchain_institutional,needs_manual,medium,yes,unknown,openalex,http://dx.doi.org/10.1109/incet61516.2024.10593365,,not_attempted,,
UT-0081,A Blockchain-Enhanced Federated Learning Framework for Secure and Scalable Smart Healthcare Systems with Intermittent Clients,V. S; M. N; K. Sundaram; K. S,2025,2025 10th International Conference on Communication and Electronics Systems (ICCES),10.1109/ICCES67310.2025.11336297,https://ieeexplore.ieee.org/stamp/stamp.jsp?arnumber=11336297,ieee,generic_blockchain_institutional,needs_manual,medium,yes,unknown,openalex,https://doi.org/10.1109/icces67310.2025.11336297,,not_attempted,,
UT-0082,Integration of Artificial Intelligence and Blockchain,N. Malsa; M. Verma; M. Dixit; K. Malsa,2026,Empowering Healthcare through AI and Blockchain,10.1002/9781394261833.ch5,https://ieeexplore.ieee.org/xpl/ebooks/bookPdfWithBanner.jsp?fileName=11421455.pdf&bkn=11421341&pdfType=chapter,ieee,generic_blockchain_institutional,needs_manual,medium,yes,unknown,openalex,https://doi.org/10.1002/9781394261833.ch5,,not_attempted,,
UT-0083,Decentralized Certificate Verification System Using Blockchain,A. Golwalkar; H. Singh; J. Jain; U. Mittal,2025,2025 International Conference on Engineering Innovations and Technologies (ICoEIT),10.1109/ICoEIT63558.2025.11211711,https://ieeexplore.ieee.org/stamp/stamp.jsp?arnumber=11211711,ieee,generic_blockchain_institutional,needs_manual,medium,yes,unknown,openalex,https://doi.org/10.1109/icoeit63558.2025.11211711,,not_attempted,,
UT-0084,Trustworthiness Evaluation Toward 6G Support of Space-Air-Ground Integrated Network,H. Zhang; X. Yao; K. Xu; Z. Wu; W. Li; Y. Lu; J. Yang,2025,IEEE Wireless Communications,10.1109/MWC.001.2400273,https://ieeexplore.ieee.org/stamp/stamp.jsp?arnumber=10944619,ieee,generic_blockchain_institutional,needs_manual,medium,yes,unknown,openalex,https://doi.org/10.1109/mwc.001.2400273,,not_attempted,,
UT-0085,d-BAME: Distributed Blockchain-Based Anonymous Mobile Electronic Voting,E. Zaghloul; T. Li; J. Ren,2021,IEEE Internet of Things Journal,10.1109/JIOT.2021.3074877,https://ieeexplore.ieee.org/stamp/stamp.jsp?arnumber=9409949,ieee,generic_blockchain_institutional,needs_manual,medium,yes,unknown,openalex,https://doi.org/10.1109/jiot.2021.3074877,,not_attempted,,
UT-0087,Multi-Agent Collaboration for Real-Time Compliance Verification in Decentralized Fintech Systems,K. Khanvilkar; V. Shinde; K. Kommuru,2025,2025 7th International Conference on Computer Communication and the Internet (ICCCI),10.1109/ICCCI65070.2025.11158393,https://ieeexplore.ieee.org/stamp/stamp.jsp?arnumber=11158393,ieee,generic_blockchain_institutional,needs_manual,medium,yes,unknown,openalex,https://doi.org/10.1109/iccci65070.2025.11158393,,not_attempted,,
UT-0091,AALMOND: Decentralized Adaptive Access Control of Multiparty Data Sharing in Industrial Networks,R. Saha; G. Kumar; M. Conti; T. Devgun; J. J. P. C. Rodrigues,2024,IEEE Internet of Things Journal,10.1109/JIOT.2024.3392933,https://ieeexplore.ieee.org/stamp/stamp.jsp?arnumber=10508188,ieee,generic_blockchain_institutional,needs_manual,medium,yes,unknown,openalex,https://doi.org/10.1109/jiot.2024.3392933,,not_attempted,,
UT-0093,LOGI-CHAIN: Blockchain Based Transparent Logistics Management,S. K. A. P; K. Saravanan; M. T; N. K. K,2025,2025 International Conference on Next Generation of Green Information and Emerging Technologies (GIET),10.1109/GIET65294.2025.11234874,https://ieeexplore.ieee.org/stamp/stamp.jsp?arnumber=11234874,ieee,generic_blockchain_institutional,needs_manual,medium,yes,unknown,openalex,https://doi.org/10.1109/giet65294.2025.11234874,,not_attempted,,
UT-0096,Blockchain and Trust,M. Bursell,2022,Trust in Computer Systems and the Cloud,10.1002/9781119695158.ch6,https://ieeexplore.ieee.org/xpl/ebooks/bookPdfWithBanner.jsp?fileName=9821840.pdf&bkn=9820891&pdfType=chapter,ieee,tech_with_weak_signal,needs_manual,medium,yes,unknown,openalex,https://doi.org/10.1002/9781119695158.ch6,,not_attempted,,
UT-0099,An SGX and Blockchain-Based System for Federated Learning in Classifying COVID-19 Images,S. Qin; X. Gu; X. Jun; H. Li; M. Huang; W. Dai,2023,"2023 IEEE Intl Conf on Parallel & Distributed Processing with Applications, Big Data & Cloud Computing, Sustainable Computing & Communications, Social Computing & Networking (ISPA/BDCloud/SocialCom/SustainCom)",10.1109/ISPA-BDCloud-SocialCom-SustainCom59178.2023.00131,https://ieeexplore.ieee.org/stamp/stamp.jsp?arnumber=10491759,ieee,generic_blockchain_institutional,needs_manual,medium,yes,unknown,openalex,http://dx.doi.org/10.1109/ispa-bdcloud-socialcom-sustaincom59178.2023.00131,,not_attempted,,
UT-0100,Blockchain-Enabled Access Control Using Practical Byzantine Fault Tolerance for Healthcare IoT,A. Altrad; B. Y. Almansour; B. K. Andijan; A. Y. Almansour; D. Tursunov; R. Rogith,2025,2025 International Conference on Electrical Engineering and Informatics (ICEEI),10.1109/ICEEI68459.2025.11330327,https://ieeexplore.ieee.org/stamp/stamp.jsp?arnumber=11330327,ieee,generic_blockchain_institutional,needs_manual,medium,yes,unknown,openalex,https://doi.org/10.1109/iceei68459.2025.11330327,,not_attempted,,
UT-0103,Data Cooperatives for Neighborhood Watch,A. Salau; R. Dantu; K. Upadhyay,2021,2021 IEEE International Conference on Blockchain and Cryptocurrency (ICBC),10.1109/ICBC51069.2021.9461056,https://ieeexplore.ieee.org/stamp/stamp.jsp?arnumber=9461056,ieee,generic_blockchain_institutional,needs_manual,medium,yes,unknown,openalex,https://doi.org/10.1109/icbc51069.2021.9461056,,not_attempted,,
UT-0106,A process model of governance adaptation and performance outcomes in e-commerce permissioned blockchain networks,Sulafa Badi; Livashnee Naidoo,2025,International Journal of Production Economics,10.1016/j.ijpe.2025.109709,https://doi.org/10.1016/j.ijpe.2025.109709,openalex,no_abstract_but_title_relevant,needs_manual,medium,yes,open,openalex,https://eprints.gla.ac.uk/358010/1/358010.pdf,https://eprints.gla.ac.uk/358010/1/358010.pdf,download_failed:HTTP Error 401: Unauthorized,,
UT-0107,Enhancing Transparency and Trust in Higher Education Institutions via Blockchain: A Conceptual Model Utilizing the Ethereum Consortium Approach,Yerlan Kistaubayev; Francisco Liébana‐Cabanillas; Aijaz A. Shaikh; Galimkair Mutanov; Olga Ussatova; A. Shinbayeva,2025,Sustainability,10.3390/su17209350,https://doi.org/10.3390/su17209350,openalex,generic_blockchain_institutional,needs_manual,medium,yes,open,openalex,https://doi.org/10.3390/su17209350,https://www.mdpi.com/2071-1050/17/20/9350/pdf?version=1761052780,download_failed:HTTP Error 403: Forbidden,,
UT-0109,A multi-center federated learning mechanism based on consortium blockchain for data secure sharing,Bin Wang; Zhao Tian; Xinrui Liu; Yujie Xia; Wei She; Wei Liu,2025,Knowledge-Based Systems,10.1016/j.knosys.2025.112962,https://doi.org/10.1016/j.knosys.2025.112962,openalex,no_abstract_but_title_relevant,needs_manual,medium,yes,unknown,openalex,https://doi.org/10.1016/j.knosys.2025.112962,,not_attempted,,
UT-0110,LVCA: An efficient voting-based consensus algorithm in private Blockchain for enhancing data security,Sudhani Verma; Girish Chandra; Divakar Yadav,2025,Peer-to-Peer Networking and Applications,10.1007/s12083-024-01808-6,https://doi.org/10.1007/s12083-024-01808-6,openalex,no_abstract_but_title_relevant,needs_manual,medium,yes,unknown,openalex,https://doi.org/10.1007/s12083-024-01808-6,,not_attempted,,
UT-0113,Blockchain Based Zero Knowledge Proof Protocol For Privacy Preserving Healthcare Data Sharing,Go Eun Myeong; Kirpa Ram,2025,Journal of Technology Informatics and Engineering,10.51903/jtie.v4i1.296,https://doi.org/10.51903/jtie.v4i1.296,openalex,generic_blockchain_institutional,needs_manual,medium,yes,open,openalex,https://doi.org/10.51903/jtie.v4i1.296,https://jtie.stekom.ac.id/index.php/jtie/article/download/296/251,download_failed:HTTP Error 404: Not Found,,
UT-0116,Healthcare Data Security and Privacy Protection Framework Based on Dual Channel Blockchain,Jasleen Kaur; Rinkle Rani; Nidhi Kalra,2025,Transactions on Emerging Telecommunications Technologies,10.1002/ett.70049,https://doi.org/10.1002/ett.70049,openalex,generic_blockchain_institutional,needs_manual,medium,yes,unknown,openalex,https://doi.org/10.1002/ett.70049,,not_attempted,,
UT-0117,Blockchain for Empowering Central Bank Digital Currencies (CBDCs): Examples from Industry,Makoto Takemiya,2025,,10.7566/jpscp.44.011002,https://doi.org/10.7566/jpscp.44.011002,openalex,generic_blockchain_institutional,needs_manual,medium,yes,open,openalex,https://doi.org/10.7566/jpscp.44.011002,https://journals.jps.jp/doi/pdf/10.7566/JPSCP.44.011002?download=true,download_failed:HTTP Error 403: Forbidden,,
UT-0120,Cross-domain secure communication scheme in industrial internet of things based on consortium blockchain,Gang Han; Jiping Ma; L. Gong; Qian Wang; Zhong-Liang Zhang,2025,Peer-to-Peer Networking and Applications,10.1007/s12083-025-02055-z,https://doi.org/10.1007/s12083-025-02055-z,openalex,no_abstract_but_title_relevant,needs_manual,medium,yes,unknown,openalex,https://doi.org/10.1007/s12083-025-02055-z,,not_attempted,,
UT-0121,Enhancing anomaly detection and prevention in Internet of Things (IoT) using deep neural networks and blockchain based cyber security,A. R. Sathyabama; Jeevaa Katiravan,2025,Scientific Reports,10.1038/s41598-025-04164-4,https://doi.org/10.1038/s41598-025-04164-4,openalex,tech_only_no_context,needs_manual,medium,yes,open,openalex,https://doi.org/10.1038/s41598-025-04164-4,https://www.nature.com/articles/s41598-025-04164-4.pdf,downloaded,data/fulltext/ambiguous/UT-0121-enhancing-anomaly-detection-and-prevention-in-internet-of-things-iot-using-deep-.pdf,
UT-0125,Dynamic sharding model and performance optimization method for consortium blockchain,Yan Wang; Zheng Gong; Dayu Jia; Aiping Tan; Minchao Liu,2025,The Journal of Supercomputing,10.1007/s11227-024-06870-8,https://doi.org/10.1007/s11227-024-06870-8,openalex,no_abstract_but_title_relevant,needs_manual,medium,yes,unknown,openalex,https://doi.org/10.1007/s11227-024-06870-8,,not_attempted,,
UT-0126,A BLOCKCHAIN ENABLED TAMPER PROOF APPROACH FOR ENHANCED MEDICAL DATA INTEGRITY AND ACCESS CONTROL,Ch Aruna; T Varsha; C Shivakumar; M. U. Sreeja; Baikunth Nath,2025,Journal of Science Engineering Technology and Management Sciences,10.64771/jsetms.2025.v02.i08.pp602-612,https://doi.org/10.64771/jsetms.2025.v02.i08.pp602-612,openalex,generic_blockchain_institutional,needs_manual,medium,yes,open,openalex,https://doi.org/10.64771/jsetms.2025.v02.i08.pp602-612,https://doi.org/10.64771/jsetms.2025.v02.i08.pp602-612,downloaded,data/fulltext/ambiguous/UT-0126-a-blockchain-enabled-tamper-proof-approach-for-enhanced-medical-data-integrity-a.pdf,
UT-0129,"Optimizing blockchain for healthcare IoT: a practical guide to navigating scalability, privacy, and efficiency trade-offs",Mwaffaq Abu AlHija; Osama Al-Baik; Abdelrahman H. Hussein; Hikmat A. M. Abdeljaber,2024,Indonesian Journal of Electrical Engineering and Computer Science,10.11591/ijeecs.v35.i3.pp1773-1785,https://doi.org/10.11591/ijeecs.v35.i3.pp1773-1785,openalex,generic_blockchain_institutional,needs_manual,medium,yes,open,openalex,https://doi.org/10.11591/ijeecs.v35.i3.pp1773-1785,https://ijeecs.iaescore.com/index.php/IJEECS/article/download/36984/18580,downloaded,data/fulltext/ambiguous/UT-0129-optimizing-blockchain-for-healthcare-iot-a-practical-guide-to-navigating-scalabi.pdf,
UT-0131,Performance evaluation of an oracle-based interoperability for permissioned blockchain,Asma A. Alhussayen; Kamal Jambi; Fathy Eassa; Maher Khemakhem,2024,Computing,10.1007/s00607-024-01337-3,https://doi.org/10.1007/s00607-024-01337-3,openalex,no_abstract_but_title_relevant,needs_manual,medium,yes,unknown,openalex,https://doi.org/10.1007/s00607-024-01337-3,,not_attempted,,
UT-0133,Legal Documentation System Using Blockchain and Interplanetary File System,A. Vijayaraj; Poornesh Prahalathan; Vakati Greshmanth Reddy; S Dinesh.; Aashish Reddy D V,2024,,10.1109/iccds60734.2024.10560457,https://doi.org/10.1109/iccds60734.2024.10560457,openalex,tech_with_weak_signal,needs_manual,medium,yes,unknown,openalex,https://doi.org/10.1109/iccds60734.2024.10560457,,not_attempted,,
UT-0134,Blockchain in Finance: A Systematic Literature Review,Bulut Karadağ; Abdül Halim Zaim; Akhan Akbulut,2024,Preprints.org,10.20944/preprints202402.0690.v2,https://doi.org/10.20944/preprints202402.0690.v2,openalex,generic_blockchain_institutional,needs_manual,medium,yes,open,openalex,https://doi.org/10.20944/preprints202402.0690.v2,https://www.preprints.org/manuscript/202402.0690/v2/download,download_failed:HTTP Error 403: Forbidden,,
UT-0136,A smart contract solution for transparent auctions on permissioned blockchain platform,Sujata Swain; Vikas Chouhan,2024,Computers & Electrical Engineering,10.1016/j.compeleceng.2024.109859,https://doi.org/10.1016/j.compeleceng.2024.109859,openalex,no_abstract_but_title_relevant,needs_manual,medium,yes,unknown,openalex,https://doi.org/10.1016/j.compeleceng.2024.109859,,not_attempted,,
UT-0137,A Blockchain‐Based Trustworthy Access Control Scheme for Medical Data Sharing,C. Wang; Wei Wu; Fulong Chen; Hong Shu; Ji Zhang; Yuxuan Zhang; Taochun Wang; Dong Xie; Chuanxin Zhao,2024,IET Information Security,10.1049/2024/5559522,https://doi.org/10.1049/2024/5559522,openalex,generic_blockchain_institutional,needs_manual,medium,yes,open,openalex,https://doi.org/10.1049/2024/5559522,https://downloads.hindawi.com/journals/ietis/2024/5559522.pdf,download_failed:HTTP Error 403: Forbidden,,
UT-0139,Reducing clients’ influence in property valuation: An exploration of a blockchain-based solution,Chibuikem Michael Adilieme; Rotimi Boluwatife Abidoye; Chyi Lin Lee,2024,Habitat International,10.1016/j.habitatint.2024.103217,https://doi.org/10.1016/j.habitatint.2024.103217,openalex,tech_with_weak_signal,needs_manual,medium,yes,open,openalex,https://doi.org/10.1016/j.habitatint.2024.103217,,not_attempted,,
UT-0141,Drawing the Boundaries Between Blockchain and Blockchain-Like Systems: A Comprehensive Survey on Distributed Ledger Technologies,Badr Bellaj; Aafaf Ouaddah; E. Bertin; Noël Crespi; Abdellatif Mezrioui,2024,Proceedings of the IEEE,10.1109/jproc.2024.3386257,https://doi.org/10.1109/jproc.2024.3386257,openalex,tech_with_weak_signal,needs_manual,medium,yes,open,openalex,https://hal.science/hal-04564278,https://hal.science/hal-04564278v1/document,download_failed:<urlopen error [SSL: CERTIFICATE_VERIFY_FAILED] certificate verify failed: self-signed certificate in certificate chain (_ssl.c:1081)>,,
UT-0150,"A novel scheme for enhanced content integrity, authentication, and privacy in information centric network using lightweight blockchain-based homomorphic integrity and authentication",Prof. Aravinda Thejas Chandra; Rajashekara Murthy Shivarudraiah; Nagaraja Gadde; Ravi Kumar B N,2024,International Journal of Power Electronics and Drive Systems/International Journal of Electrical and Computer Engineering,10.11591/ijece.v15i1.pp654-668,https://doi.org/10.11591/ijece.v15i1.pp654-668,openalex,tech_with_weak_signal,needs_manual,medium,yes,open,openalex,http://dx.doi.org/10.11591/ijece.v15i1.pp654-668,https://ijece.iaescore.com/index.php/IJECE/article/download/36786/18005,downloaded,data/fulltext/ambiguous/UT-0150-a-novel-scheme-for-enhanced-content-integrity-authentication-and-privacy-in-info.pdf,
UT-0155,Blockchain Technology Adoption in the State of Qatar: Qualitative Risk Analysis,A. N. Al-Omari; Noora Fetais,2023,International conference on civil infrastructure and construction/Proceedings of the ... International conference on civil infrastructure and construction,10.29117/cic.2023.0043,https://doi.org/10.29117/cic.2023.0043,openalex,generic_blockchain_institutional,needs_manual,medium,yes,open,openalex,http://dx.doi.org/10.29117/cic.2023.0043,http://qspace.qu.edu.qa/bitstream/10576/47077/1/043.pdf,download_failed:[WinError 10054] An existing connection was forcibly closed by the remote host,,
UT-0157,A Proxy-Layer Approach to Secure Smart Contract Deployment on Private EVM-Based PoA Blockchains,Yonghao Wang; Jahid Ali; Junaid Arshad; Yunxia Liu,2023,,10.1109/blockchain60715.2023.00027,https://doi.org/10.1109/blockchain60715.2023.00027,openalex,generic_blockchain_institutional,needs_manual,medium,yes,unknown,openalex,http://dx.doi.org/10.1109/blockchain60715.2023.00027,,not_attempted,,
UT-0161,"Leveraging machine learning and blockchain in E-commerce and beyond: benefits, models, and application",Hrag Jebamikyous; Menglu Li; Yoga Suhas; Rasha Kashef,2023,Discover Artificial Intelligence,10.1007/s44163-022-00046-0,https://doi.org/10.1007/s44163-022-00046-0,openalex,generic_blockchain_institutional,needs_manual,medium,yes,open,openalex,https://doi.org/10.1007/s44163-022-00046-0,https://link.springer.com/content/pdf/10.1007/s44163-022-00046-0.pdf,downloaded,data/fulltext/ambiguous/UT-0161-leveraging-machine-learning-and-blockchain-in-e-commerce-and-beyond-benefits-mod.pdf,
UT-0164,RETRACTED: An enhanced consortium blockchain diversity mining technique for IoT metadata aggregation,Premkumar Chithaluru; Fadi Al‐Turjman; Raman Dugyala; Thompson Stephan; Manoj Kumar; Jagjit Singh Dhatterwal,2023,Future Generation Computer Systems,10.1016/j.future.2023.10.020,https://doi.org/10.1016/j.future.2023.10.020,openalex,no_abstract_but_title_relevant,needs_manual,medium,yes,unknown,openalex,https://doi.org/10.1016/j.future.2023.10.020,,not_attempted,,
UT-0165,GT-NRSM: efficient and scalable sharding consensus mechanism for consortium blockchain,Tao Shen; Tianyu Li; Zhuo Yu; Fenhua Bai; Chi Zhang,2023,The Journal of Supercomputing,10.1007/s11227-023-05414-w,https://doi.org/10.1007/s11227-023-05414-w,openalex,no_abstract_but_title_relevant,needs_manual,medium,yes,unknown,openalex,https://doi.org/10.1007/s11227-023-05414-w,,not_attempted,,
UT-0167,Towards verifiable and privacy-preserving account model on a consortium blockchain based on zk-SNARKs,Xiaoyan Hu; Weicheng Zhou; Jun Yin; Guang Cheng; Shen Yan; Hua Wu,2023,Peer-to-Peer Networking and Applications,10.1007/s12083-023-01497-7,https://doi.org/10.1007/s12083-023-01497-7,openalex,no_abstract_but_title_relevant,needs_manual,medium,yes,unknown,openalex,http://dx.doi.org/10.1007/s12083-023-01497-7,,not_attempted,,
UT-0168,B-Tor: Anonymous communication system based on consortium blockchain,Dawei Xu; Jiaqi Gao; Liehuang Zhu; Feng Gao; Yang Han; Jian Zhao,2023,Peer-to-Peer Networking and Applications,10.1007/s12083-023-01514-9,https://doi.org/10.1007/s12083-023-01514-9,openalex,no_abstract_but_title_relevant,needs_manual,medium,yes,unknown,openalex,https://doi.org/10.1007/s12083-023-01514-9,,not_attempted,,
UT-0174,"Healthcare Internet of Things (H-IoT): Current Trends, Future Prospects, Applications, Challenges, and Security Issues",Mohit Kumar; Ashwani Kumar; Sahil Verma; Pronaya Bhattacharya; Deepak Ghimire; Seong‐heum Kim; A. S. M. Sanwar Hosen,2023,Electronics,10.3390/electronics12092050,https://doi.org/10.3390/electronics12092050,openalex,generic_blockchain_institutional,needs_manual,medium,yes,open,openalex,https://doi.org/10.3390/electronics12092050,https://www.mdpi.com/2079-9292/12/9/2050/pdf?version=1683183493,download_failed:HTTP Error 403: Forbidden,,
UT-0176,Flexible and Fine-Grained Access Control for EHR in Blockchain-Assisted E-Healthcare Systems,Dajiang Chen; Li Zhang; Zeyu Liao; Hong‐Ning Dai; Ning Zhang; Xuemin Shen; Minghui Pang,2023,IEEE Internet of Things Journal,10.1109/jiot.2023.3328382,https://doi.org/10.1109/jiot.2023.3328382,openalex,generic_blockchain_institutional,needs_manual,medium,yes,unknown,openalex,https://doi.org/10.1109/jiot.2023.3328382,,not_attempted,,
UT-0177,Verifcation of Academic Records Using Hyperledger Fabric and IPFS,Shaik Khaleelullah; Sai Teja Vangapalli; Malavika Gaddam; Vitesh Sai Hanumakonda; Uday Kiran Goud Gangapuram,2023,,10.1109/icpcsn58827.2023.00040,https://doi.org/10.1109/icpcsn58827.2023.00040,openalex,tech_only_no_context,needs_manual,medium,yes,unknown,openalex,https://doi.org/10.1109/icpcsn58827.2023.00040,,not_attempted,,
UT-0184,"A critical literature review of security and privacy in smart home healthcare schemes adopting IoT &amp; blockchain: Problems, challenges and solutions",Olusogo Popoola; Marcos Rodrigues; Jims Marchang; Alex Shenfield; Augustine Ikpehai; Jumoke Popoola,2023,Blockchain Research and Applications,10.1016/j.bcra.2023.100178,https://doi.org/10.1016/j.bcra.2023.100178,openalex,generic_blockchain_institutional,needs_manual,medium,yes,open,openalex,https://doi.org/10.1016/j.bcra.2023.100178,,not_attempted,,
UT-0188,A Framework for Standardization of Distributed Ledger Technologies for Interoperable Data Integration and Alignment in Sustainable Smart Cities,Bokolo Anthony; Waribugo Sylva; Josué Kuika Watat; Sanjay Misra,2023,Journal of the Knowledge Economy,10.1007/s13132-023-01554-9,https://doi.org/10.1007/s13132-023-01554-9,openalex,tech_with_weak_signal,needs_manual,medium,yes,open,openalex,https://doi.org/10.1007/s13132-023-01554-9,https://link.springer.com/content/pdf/10.1007/s13132-023-01554-9.pdf,downloaded,data/fulltext/ambiguous/UT-0188-a-framework-for-standardization-of-distributed-ledger-technologies-for-interoper.pdf,
UT-0190,Advancing Healthcare Security: A Cutting-Edge Zero-Trust Blockchain Solution for Protecting Electronic Health Records,Rihab Benaich; Saida El Mendili; Youssef Gahi,2023,HighTech and Innovation Journal,10.28991/hij-2023-04-03-012,https://doi.org/10.28991/hij-2023-04-03-012,openalex,generic_blockchain_institutional,needs_manual,medium,yes,open,openalex,https://doi.org/10.28991/hij-2023-04-03-012,https://hightechjournal.org/index.php/HIJ/article/download/523/142,downloaded,data/fulltext/ambiguous/UT-0190-advancing-healthcare-security-a-cutting-edge-zero-trust-blockchain-solution-for-.pdf,
UT-0192,A Novel Blockchain-Enabled Supply-Chain Management Framework for Xinjiang Jujube: Research on Optimized Blockchain Considering Private Transactions,Hao Song; Wenfei Ge; Pan Gao; Wei Xu,2023,Foods,10.3390/foods12030587,https://doi.org/10.3390/foods12030587,openalex,tech_with_weak_signal,needs_manual,medium,yes,open,openalex,https://doi.org/10.3390/foods12030587,https://www.mdpi.com/2304-8158/12/3/587/pdf?version=1675083480,download_failed:HTTP Error 403: Forbidden,,
UT-0193,An In-depth Security and Performance Investigation in Hyperledger Fabric-configured Distributed Computing Systems,Sidharth Quamara; Awadhesh Kumar Singh,2023,International Journal of Computing and Digital Systems,10.12785/ijcds/130115,https://doi.org/10.12785/ijcds/130115,openalex,tech_with_weak_signal,needs_manual,medium,yes,open,openalex,https://doi.org/10.12785/ijcds/130115,https://journal.uob.edu.bh:443/bitstream/123456789/4734/1/IJCDS_130115_1570784479.pdf,downloaded,data/fulltext/ambiguous/UT-0193-an-in-depth-security-and-performance-investigation-in-hyperledger-fabric-configu.pdf,
UT-0195,HealthLock: Blockchain-Based Privacy Preservation Using Homomorphic Encryption in Internet of Things Healthcare Applications,Aitizaz Ali; Bander Ali Saleh Al‐rimy; Faisal S. Alsubaei; Abdulwahab Ali Almazroi; Abdulaleem Ali Almazroi,2023,Sensors,10.3390/s23156762,https://doi.org/10.3390/s23156762,openalex,generic_blockchain_institutional,needs_manual,medium,yes,open,openalex,https://doi.org/10.3390/s23156762,https://www.mdpi.com/1424-8220/23/15/6762/pdf?version=1690547889,download_failed:HTTP Error 403: Forbidden,,
UT-0196,A Scalable Byzantine Fault Tolerance Algorithm Based on a Tree Topology Network,Wangxi Jiang; Xiaoxiong Wu; Mingyang Song; Jiwei Qin; Zhenhong Jia,2023,IEEE Access,10.1109/access.2023.3264011,https://doi.org/10.1109/access.2023.3264011,openalex,generic_blockchain_institutional,needs_manual,medium,yes,open,openalex,https://doi.org/10.1109/access.2023.3264011,https://ieeexplore.ieee.org/ielx7/6287639/6514899/10091103.pdf,download_failed:HTTP Error 502: Bad Gateway,,
UT-0197,A physical topology for optimizing partition tolerance in consortium blockchains to reach CAP guarantee bound,Han Wang; Hui Li; Qiongwei Ye; Ping Lü; Yong Yang; Peter Han Joo Chong; Xiaoli Chu; Qi Lv; Abla Smahi,2023,Transactions on Emerging Telecommunications Technologies,10.1002/ett.4820,https://doi.org/10.1002/ett.4820,openalex,generic_blockchain_institutional,needs_manual,medium,yes,unknown,openalex,https://doi.org/10.1002/ett.4820,,not_attempted,,
UT-0199,Examination on interoperability of blockchains by using ZK-rollups,Amane Yamamoto; Shin-ichi Yamashita,2023,,10.1145/3625078.3625084,https://doi.org/10.1145/3625078.3625084,openalex,generic_blockchain_institutional,needs_manual,medium,yes,unknown,openalex,https://doi.org/10.1145/3625078.3625084,,not_attempted,,
UT-0200,A decentralized public-permissioned blockchain framework for enhanced security of health records in fog computing,Ramaiah Challa; Kiran Kumar Kothamasu,2023,Computer Methods in Biomechanics & Biomedical Engineering,10.1080/10255842.2023.2262664,https://doi.org/10.1080/10255842.2023.2262664,openalex,tech_with_weak_signal,needs_manual,medium,yes,unknown,openalex,https://doi.org/10.1080/10255842.2023.2262664,,not_attempted,,
UT-0202,The Application of the Internet of Things (IoT) to establish a technologically advanced Industry 4.0 for long-term growth and development,B Pallavi; Bestoon Othman; Guptnath Trivedi; Nimisha Manan; Rajendra Sitaram Pawar; Devesh Pratap Singh,2022,2022 2nd International Conference on Advance Computing and Innovative Technologies in Engineering (ICACITE),10.1109/icacite53722.2022.9823481,https://doi.org/10.1109/icacite53722.2022.9823481,openalex,generic_blockchain_institutional,needs_manual,medium,yes,unknown,openalex,https://doi.org/10.1109/icacite53722.2022.9823481,,not_attempted,,
UT-0203,Simulation of the Lightweight Blockchain Technique Based on Privacy and Security for Healthcare Data for the Cloud System,Preeti Rani; Sonia Verma; Satya Prakash Yadav; Bipin Kumar; Mahaveer Singh Naruka; D. R. Ashwin Kumar,2022,International Journal of E-Health and Medical Communications,10.4018/ijehmc.309436,https://doi.org/10.4018/ijehmc.309436,openalex,generic_blockchain_institutional,needs_manual,medium,yes,open,openalex,https://doi.org/10.4018/ijehmc.309436,https://www.igi-global.com/ViewTitle.aspx?TitleId=309436&isxn=9781668477557,download_failed:HTTP Error 429: Too Many Requests,,
UT-0207,Blockchain-Enabled Cross-Border E-Commerce Supply Chain Management: A Bibliometric Systematic Review,Fuli Zhou; Yijie Liu,2022,Sustainability,10.3390/su142315918,https://doi.org/10.3390/su142315918,openalex,generic_blockchain_institutional,needs_manual,medium,yes,open,openalex,https://doi.org/10.3390/su142315918,https://www.mdpi.com/2071-1050/14/23/15918/pdf?version=1669724429,download_failed:HTTP Error 403: Forbidden,,
UT-0209,Application of Blockchain Technology in Production Scheduling and Management of Human Resources Competencies,Barbara Balon; Krzysztof Kalinowski; Iwona Paprocka,2022,Sensors,10.3390/s22082844,https://doi.org/10.3390/s22082844,openalex,generic_blockchain_institutional,needs_manual,medium,yes,open,openalex,https://doi.org/10.3390/s22082844,https://www.mdpi.com/1424-8220/22/8/2844/pdf?version=1649408616,download_failed:HTTP Error 403: Forbidden,,
UT-0210,An Efficient Data Sharing Scheme for Privacy Protection Based on Blockchain and Edge Intelligence in 6G‐VANET,Zhihua Wang; Yingheng Xu; Jiahao Liu; Zhenyu Li; Zeminghui Li; Hongyong Jia; Dinghua Wang,2022,Wireless Communications and Mobile Computing,10.1155/2022/5031112,https://doi.org/10.1155/2022/5031112,openalex,generic_blockchain_institutional,needs_manual,medium,yes,open,openalex,https://doi.org/10.1155/2022/5031112,https://downloads.hindawi.com/journals/wcmc/2022/5031112.pdf,download_failed:HTTP Error 403: Forbidden,,
UT-0211,Sabine: Self-Adaptive BlockchaIn coNsEnsus,Guilain Leduc; Sylvain Kubler; Jean‐Philippe Georges,2022,,10.1109/ficloud57274.2022.00039,https://doi.org/10.1109/ficloud57274.2022.00039,openalex,generic_blockchain_institutional,needs_manual,medium,yes,unknown,openalex,https://doi.org/10.1109/ficloud57274.2022.00039,,not_attempted,,
UT-0216,Agricultural traceability model based on IoT and Blockchain: Application in industrial hemp production,Francisco Javier Ferrández Pastor; Jerónimo Mora-Pascual; Daniel Díaz-Lajara,2022,Journal of Industrial Information Integration,10.1016/j.jii.2022.100381,https://doi.org/10.1016/j.jii.2022.100381,openalex,tech_with_weak_signal,needs_manual,medium,yes,open,openalex,https://doi.org/10.1016/j.jii.2022.100381,https://ars.els-cdn.com/content/image/1-s2.0-S2452414X22000498-ga1_lrg.jpg,skipped_non_pdf:image/jpeg,,
UT-0221,A Blockchain-Based Conceptual Model for Curbing Institutional Academic Certificate Fraud,Esther Kabibi Nzaro; Kennedy Nyabuti Ondimu; Fullgence Mwakondo,2022,International Journal of Computer Applications Technology and Research,10.7753/ijcatr1107.1002,https://doi.org/10.7753/ijcatr1107.1002,openalex,tech_only_no_context,needs_manual,medium,yes,unknown,openalex,https://doi.org/10.7753/ijcatr1107.1002,,not_attempted,,
UT-0222,The Role of Blockchain in E-Governance and Decision-Making in Project and Program Management,Mounir El Khatib; Asma Al Mulla; Wadha Al Ketbi,2022,Advances in Internet of Things,10.4236/ait.2022.123006,https://doi.org/10.4236/ait.2022.123006,openalex,generic_blockchain_institutional,needs_manual,medium,yes,open,openalex,https://doi.org/10.4236/ait.2022.123006,http://www.scirp.org/journal/PaperDownload.aspx?paperID=118717,download_failed:HTTP Error 403: Forbidden,,
UT-0224,"Medical-Waste Chain: A Medical Waste Collection, Classification and Treatment Management by Blockchain Technology",Hai Trieu Le; Khoi Le Quoc; The Anh Nguyen; Khoa Tran Dang; Hong Khanh Vo; Huong Hoang Luong; Hieu Le Van; Khiem Huynh Gia; Loc Van Cao Phu; Duy Nguyen Truong Quoc; Tran Huyen Nguyen; Ha Xuan Son; Nghia Duong‐Trung,2022,Computers,10.3390/computers11070113,https://doi.org/10.3390/computers11070113,openalex,tech_with_weak_signal,needs_manual,medium,yes,open,openalex,https://doi.org/10.3390/computers11070113,https://www.mdpi.com/2073-431X/11/7/113/pdf?version=1657710877,download_failed:HTTP Error 403: Forbidden,,
UT-0226,Integration of Hardware Security Modules and Permissioned Blockchain in Industrial IoT Networks,Antonio Cabrera; Encarnación Castillo; Antonio Escobar-Molero; José Antonio Álvarez Bermejo; Diego P. Morales; Luis Parrilla,2022,IEEE Access,10.1109/access.2022.3217815,https://doi.org/10.1109/access.2022.3217815,openalex,tech_with_weak_signal,needs_manual,medium,yes,open,openalex,https://doi.org/10.1109/access.2022.3217815,https://ieeexplore.ieee.org/ielx7/6287639/6514899/09931706.pdf,download_failed:HTTP Error 502: Bad Gateway,,
UT-0227,Health-zkIDM: A Healthcare Identity System Based on Fabric Blockchain and Zero-Knowledge Proof,Tianyu Bai; Yangsheng Hu; Jianfeng He; Hongbo Fan; Zhenzhou An,2022,Sensors,10.3390/s22207716,https://doi.org/10.3390/s22207716,openalex,generic_blockchain_institutional,needs_manual,medium,yes,open,openalex,https://doi.org/10.3390/s22207716,https://www.mdpi.com/1424-8220/22/20/7716/pdf?version=1665492112,download_failed:HTTP Error 403: Forbidden,,
UT-0228,VBlock: A Blockchain-Based Tamper-Proofing Data Protection Model for Internet of Vehicle Networks,Collins Sey; Hang Lei; Weizhong Qian; Xiaoyu Li; Linda Delali Fiasam; Seth Larweh Kodjiku; Isaac Adjei-Mensah; Isaac Osei Agyemang,2022,Sensors,10.3390/s22208083,https://doi.org/10.3390/s22208083,openalex,tech_with_weak_signal,needs_manual,medium,yes,open,openalex,https://doi.org/10.3390/s22208083,https://www.mdpi.com/1424-8220/22/20/8083/pdf?version=1666775645,download_failed:HTTP Error 403: Forbidden,,
UT-0230,Do-It-Yourself Recommender System: Reusing and Recycling With Blockchain and Deep Learning,Sachi Pandey; Vikas Chouhan; Devanshi Verma; Shubham Rajrah; Fayadh Alenezi; Rajkumar Saini; KC Santosh,2022,IEEE Access,10.1109/access.2022.3199661,https://doi.org/10.1109/access.2022.3199661,openalex,tech_with_weak_signal,needs_manual,medium,yes,open,openalex,https://doi.org/10.1109/access.2022.3199661,https://ieeexplore.ieee.org/ielx7/6287639/6514899/09864188.pdf,download_failed:HTTP Error 502: Bad Gateway,,
UT-0232,Blockchain for Doping Control Applications in Sports: A Conceptual Approach,Flavio A. M. Pinto; Yogachandran Rahulamathavan; James Skinner,2022,Future Internet,10.3390/fi14070210,https://doi.org/10.3390/fi14070210,openalex,tech_with_weak_signal,needs_manual,medium,yes,open,openalex,https://doi.org/10.3390/fi14070210,https://www.mdpi.com/1999-5903/14/7/210/pdf?version=1657792666,download_failed:HTTP Error 403: Forbidden,,
UT-0236,TSBFT: A scalable and efficient leaderless byzantine consensus for consortium blockchain,Junfeng Tian; Junfeng Tian; Jin Tian; Jin Tian; Hongwei Xu,2022,Computer Networks,10.1016/j.comnet.2022.109541,https://doi.org/10.1016/j.comnet.2022.109541,openalex,no_abstract_but_title_relevant,needs_manual,medium,yes,unknown,openalex,https://doi.org/10.1016/j.comnet.2022.109541,,not_attempted,,
UT-0239,"Integration of Blockchain, IoT and Machine Learning for Multistage Quality Control and Enhancing Security in Smart Manufacturing",Zeinab Shahbazi; Yung-Cheol Byun,2021,Sensors,10.3390/s21041467,https://doi.org/10.3390/s21041467,openalex,tech_with_weak_signal,needs_manual,medium,yes,open,openalex,https://doi.org/10.3390/s21041467,https://www.mdpi.com/1424-8220/21/4/1467/pdf?version=1614059769,download_failed:HTTP Error 403: Forbidden,,
UT-0244,Consumer valuation of blockchain traceability for beef in the <scp>U</scp>nited <scp>S</scp>tates,Aaron M. Shew; Heather A. Snell; Rodolfo M. Nayga; Mary C. Lacity,2021,Applied Economic Perspectives and Policy,10.1002/aepp.13157,https://doi.org/10.1002/aepp.13157,openalex,tech_with_weak_signal,needs_manual,medium,yes,open,openalex,https://doi.org/10.1002/aepp.13157,https://onlinelibrary.wiley.com/doi/pdfdirect/10.1002/aepp.13157,download_failed:HTTP Error 403: Forbidden,,
UT-0246,SmartCoin: A novel incentive mechanism for vehicles in intelligent transportation system based on consortium blockchain,Lokendra Vishwakarma; Debasis Das,2021,Vehicular Communications,10.1016/j.vehcom.2021.100429,https://doi.org/10.1016/j.vehcom.2021.100429,openalex,no_abstract_but_title_relevant,needs_manual,medium,yes,unknown,openalex,https://doi.org/10.1016/j.vehcom.2021.100429,,not_attempted,,
UT-0248,A Trusted Blockchain-Based Traceability System for Fruit and Vegetable Agricultural Products,Xinting Yang; Mengqi Li; Huajing Yu; Mingting Wang; Daming Xu; Chuanheng Sun,2021,IEEE Access,10.1109/access.2021.3062845,https://doi.org/10.1109/access.2021.3062845,openalex,generic_blockchain_institutional,needs_manual,medium,yes,open,openalex,https://doi.org/10.1109/access.2021.3062845,https://ieeexplore.ieee.org/ielx7/6287639/9312710/09366530.pdf,download_failed:HTTP Error 502: Bad Gateway,,
UT-0249,"Federated Deep Learning for Cyber Security in the Internet of Things: Concepts, Applications, and Experimental Analysis",Mohamed Amine Ferrag; Othmane Friha; Λέανδρος Μαγλαράς; Helge Janicke; Lei Shu,2021,IEEE Access,10.1109/access.2021.3118642,https://doi.org/10.1109/access.2021.3118642,openalex,generic_blockchain_institutional,needs_manual,medium,yes,open,openalex,https://doi.org/10.1109/access.2021.3118642,https://ieeexplore.ieee.org/ielx7/6287639/6514899/09562531.pdf,download_failed:HTTP Error 502: Bad Gateway,,
UT-0257,Verifiable Authentication and Issuance of Academic Certificates Using Permissioned Blockchain Network,E. Suresh Babu; B. K. N. Srinivasarao; Ilaiah Kavati; Mekala Srinivasa Rao,2021,International Journal of Information Security and Privacy,10.4018/ijisp.2022010107,https://doi.org/10.4018/ijisp.2022010107,openalex,tech_only_no_context,needs_manual,medium,yes,unknown,openalex,https://doi.org/10.4018/ijisp.2022010107,,not_attempted,,
UT-0260,"Designing the architecture of a blockchain platform: the case of Alastria, a national public permissioned blockchain",Javier W. Ibáñez; Salvatore Moccia,2021,International Journal of Intellectual Property Management,10.1504/ijipm.2021.118729,https://doi.org/10.1504/ijipm.2021.118729,openalex,tech_only_no_context,needs_manual,medium,yes,unknown,openalex,https://doi.org/10.1504/ijipm.2021.118729,,not_attempted,,
UT-0269,Analysis of challenges for blockchain adoption within the Indian public sector: an interpretive structural modelling approach,Nripendra P. Rana; Yogesh K. Dwivedi; David L. Hughes,2021,Information Technology and People,10.1108/itp-07-2020-0460,https://doi.org/10.1108/itp-07-2020-0460,openalex,generic_blockchain_institutional,needs_manual,medium,yes,open,openalex,http://hdl.handle.net/10454/18327,,not_attempted,,
UT-0274,IoT Big Data provenance scheme using blockchain on Hadoop ecosystem,Houshyar Honar Pajooh; Mohammad A. Rashid; Fakhrul Alam; Serge Demidenko,2021,Journal Of Big Data,10.1186/s40537-021-00505-y,https://doi.org/10.1186/s40537-021-00505-y,openalex,tech_with_weak_signal,needs_manual,medium,yes,open,openalex,https://doi.org/10.1186/s40537-021-00505-y,https://journalofbigdata.springeropen.com/track/pdf/10.1186/s40537-021-00505-y,downloaded,data/fulltext/ambiguous/UT-0274-iot-big-data-provenance-scheme-using-blockchain-on-hadoop-ecosystem.pdf,
UT-0277,When Measurements Meet Blockchain: On Behalf of an Inter-NMI Network,Mahbuba Moni; Wilson S. Melo; Daniel Peters; Raphael C. S. Machado,2021,Sensors,10.3390/s21051564,https://doi.org/10.3390/s21051564,openalex,tech_with_weak_signal,needs_manual,medium,yes,open,openalex,https://doi.org/10.3390/s21051564,https://www.mdpi.com/1424-8220/21/5/1564/pdf?version=1614566298,download_failed:HTTP Error 403: Forbidden,,
UT-0280,Blockchain drivers to achieve sustainable food security in the Indian context,Vinay Surendra Yadav; A.R. Singh; Rakesh D. Raut; Naoufel Cheikhrouhou,2021,Annals of Operations Research,10.1007/s10479-021-04308-5,https://doi.org/10.1007/s10479-021-04308-5,openalex,generic_blockchain_institutional,needs_manual,medium,yes,open,openalex,https://doi.org/10.1007/s10479-021-04308-5,https://link.springer.com/content/pdf/10.1007/s10479-021-04308-5.pdf,downloaded,data/fulltext/ambiguous/UT-0280-blockchain-drivers-to-achieve-sustainable-food-security-in-the-indian-context.pdf,
UT-0281,SmartCon: A Blockchain-Based Framework for Smart Contracts and Transaction Management,Muhammad Muneeb; Zeeshan Raza; Irfan Ul Haq; Omair Shafiq,2021,IEEE Access,10.1109/access.2021.3135562,https://doi.org/10.1109/access.2021.3135562,openalex,generic_blockchain_institutional,needs_manual,medium,yes,open,openalex,https://doi.org/10.1109/access.2021.3135562,https://ieeexplore.ieee.org/ielx7/6287639/9668973/09650875.pdf,download_failed:HTTP Error 502: Bad Gateway,,
UT-0286,Endogenous Trusted DRL-Based Service Function Chain Orchestration for IoT,Shaoyong Guo; Yuanyuan Qi; Yi Jin; Wenjing Li; Xuesong Qiu; Luoming Meng,2021,IEEE Transactions on Computers,10.1109/tc.2021.3051681,https://doi.org/10.1109/tc.2021.3051681,openalex,generic_blockchain_institutional,needs_manual,medium,yes,unknown,openalex,https://doi.org/10.1109/tc.2021.3051681,,not_attempted,,
UT-0287,A consortium blockchain based energy trading scheme for Electric Vehicles in smart cities,Rabiya Khalid; Muhammad Waseem Malik; Turki Ali Alghamdi; Nadeem Javaid,2021,Journal of Information Security and Applications,10.1016/j.jisa.2021.102998,https://doi.org/10.1016/j.jisa.2021.102998,openalex,no_abstract_but_title_relevant,needs_manual,medium,yes,unknown,openalex,https://doi.org/10.1016/j.jisa.2021.102998,,not_attempted,,
UT-0288,Ocular Imaging Standardization for Artificial Intelligence Applications in Ophthalmology: the Joint Position Statement and Recommendations From the Asia-Pacific Academy of Ophthalmology and the Asia-Pacific Ocular Imaging Society,Daniel Ting; Tien Yin Wong; Ki Ho Park; Carol Y. Cheung; Clement C. Tham; Dennis S.C. Lam,2021,Asia-Pacific Journal of Ophthalmology,10.1097/apo.0000000000000421,https://doi.org/10.1097/apo.0000000000000421,openalex,generic_blockchain_institutional,needs_manual,medium,yes,open,openalex,https://doi.org/10.1097/apo.0000000000000421,,not_attempted,,
UT-0290,MARTSIA: Enabling Data Confidentiality for Blockchain-Based Process Execution,"Marangone, E; Di Ciccio, C; Friolo, D; Nemmi, EN; Venturi, D; Weber, I",2024,"ENTERPRISE DESIGN, OPERATIONS, AND COMPUTING, EDOC 2023",10.1007/978-3-031-46587-1_4,WOS:001286479000004,wos,generic_blockchain_institutional,needs_manual,medium,yes,unknown,openalex,https://doi.org/10.1007/978-3-031-46587-1_4,,not_attempted,,
